{
  "mean": [
    0.6421412015285347,
    161.1194668364385,
    142.78250486204527,
    95.98726089895013,
    80.91946458510253,
    86.09603387909745,
    123.38223425919648,
    97.89211476536346,
    97.72392901107148,
    102.24390664819833,
    92.38165479790968,
    63.671225789520385,
    49.79265766462794,
    58.67971664711541,
    77.19954834288998,
    70.55314751956726,
    46.34670258034912
  ],
  "scale": [
    0.4793702940608904,
    18.255319001474387,
    46.270178934512614,
    59.33227774562135,
    59.295913640748985,
    58.88166541494375,
    28.120804988576204,
    39.19726098854492,
    52.048014632353464,
    76.95132718782803,
    81.05227701754508,
    68.71282679318611,
    57.61147401608194,
    61.25397571142809,
    59.60340315021122,
    61.07877557254373,
    49.509349785962854
  ]
}